Concentration,Sample Type,Sample Number,Circle 1 Pixels Changed,Circle 1 Intensity Change,Circle 2 Pixels Changed,Circle 2 Intensity Change,Circle 3 Pixels Changed,Circle 3 Intensity Change,Circle 4 Pixels Changed,Circle 4 Intensity Change
20mM,Dry,1,45.22331621004566,80.52204623287672,45.45099417946014,79.22637603031369,42.80637518845574,75.55039844927849,45.117987847958176,80.93669634025717
20mM,Dry,2,46.325542219414615,81.5168667087808,46.808689440732806,81.52737509979411,43.34528344163119,76.71125550825305,43.27077317933911,76.47096567212063
20mM,Dry,3,42.76816900223036,74.95257332828346,42.62873918908197,75.51317146711101,43.63689116164364,76.06227106227107,43.56572645023949,75.03704097924428
20mM,Dry,4,42.692020879940344,73.7909105973983,47.21612614809396,83.81089978054133,45.97315436241611,81.42797219558965,44.92331586099787,77.34521452145215
20mM,Dry,5,43.212199615821866,77.32043592457563,45.72541829016731,79.65230346092139,42.61475839277798,75.51473018175956,44.16565656565656,77.14028282828284
20mM,Dry,6,44.42737265098688,78.03057164243785,45.696707224857356,81.36505808757819,46.565971021176836,83.13751489296284,46.224699557242246,80.7821394686907
20mM,Dry,7,45.94810379241517,80.85211395391036,49.3042071197411,86.6198705501618,54.791136673671794,99.70854993916602,50.609861442244565,92.57745067551225
20mM,Dry,8,50.179729479340374,88.84902723735408,49.87614181761882,88.62649016875677,49.341937365561996,87.35320281453936,50.219249349684134,88.96640654031958
20mM,Dry,9,46.75950723085163,81.98032494197464,48.01087225105016,86.05415534140515,57.679866146123814,103.96512362892732,54.894324773842854,98.47559936716563
20mM,Dry,10,51.19521157707315,91.29802629086639,46.507419471588854,79.94410262597016,49.19450631031923,89.6214550853749,50.647871280079734,92.55720489819166
20mM,Yellow light,1,56.40696347031964,98.37100456621005,61.22504785343178,112.16262353998204,71.1034532270802,130.05962380644698,74.51250529885544,138.43016108520558
20mM,Yellow light,2,63.91661402400506,120.9352284691514,50.115551073574515,92.48266733896382,67.98117857943087,123.74747927403092,63.883541867179986,114.86240776387552
20mM,Yellow light,3,51.4034423263056,91.62525775365063,50.44830595889868,89.04689359676267,69.29605048416929,129.86011678090887,65.28649991130034,127.64882029448287
20mM,Yellow light,4,61.93139448173005,118.02489850028999,64.98821425668537,112.42062911485003,60.80616810482582,113.37076542026206,82.80722189866046,150.9259172976121
20mM,Yellow light,5,58.6067662393665,110.10337527931318,61.92986477194591,115.3796317518527,78.92233909644139,145.2782815459638,70.44040404040403,132.66145454545455
20mM,Yellow light,6,69.01863451916637,130.90603947523934,57.35546848147385,103.57774798927613,61.18605634344133,110.67412275644722,67.42963314358002,125.10851518026566
20mM,Yellow light,7,68.42678279804029,131.87559426601342,56.349514563106794,104.86488673139158,72.80536813774287,135.81100910666225,57.990394250371445,107.44652914550292
20mM,Yellow light,9,74.61167648634172,139.9905731119443,77.67070257804136,144.43909068445763,68.94218256181446,128.12173266406396,74.84483388097846,140.6057360756156
20mM,Yellow light,10,52.50975489638974,96.17789900367465,54.14806772027184,97.04701009369847,74.29101707498144,139.81124721603564,67.56015947600741,128.33924248896483
20mM,Left side,1,62.49643264840182,109.41766552511416,81.85866635415447,149.20621899292942,67.09383301026635,131.45642185368655,86.4349300551081,156.72110357496115
20mM,Left side,2,70.25479048220679,128.1828595493788,66.4481700911803,121.27383503508551,87.70632608858018,156.040480991859,89.4529996791787,159.53801732435034
20mM,Left side,3,84.11395867525144,156.84829356562724,64.5005157502182,117.21125922399429,80.52442606898053,148.82301526855983,83.91342912896931,154.5294660280291
20mM,Left side,4,78.55248985002899,148.2431435910183,91.14850036576445,160.95423880354386,86.56919143496324,156.34863374880155,86.46476412347117,155.54696175499902
20mM,Left side,6,84.41082614348186,157.68782255840523,63.24671753626178,124.82642469237643,78.9692148045659,145.73500134517084,78.63298545224542,150.10634092346615
20mM,Left side,8,80.94867518992032,151.31261812117845,89.10822108685555,156.73982040563556,87.06113966969266,159.205002005177,78.87030843552583,147.62329988851727
20mM,Left side,9,87.31655061596143,158.78261024816996,87.17980397001894,159.14228646734207,85.52519055586541,156.15430377393568,74.1876597298284,136.4926372155288
20mM,Left side,10,91.08989657915673,164.45865060423532,65.7658744520851,126.39100012064182,87.99183370452857,155.87390497401634,72.72533105510466,143.92909013242203
20mM,High height,1,58.479594748858446,101.90403824200914,69.50662135239658,129.0554709168327,60.496087299877956,110.36808098212363,80.02331496396778,149.64935707220573
20mM,High height,2,68.62497367866919,125.98930301116025,63.187528887768394,112.41073154334215,76.69355441033684,143.91765628501008,75.36894449791465,145.6230750721848
20mM,High height,3,58.19551403442327,101.03295038505239,57.196699198603504,100.27191938427359,74.67087368077468,140.02219562615602,81.11406776654249,149.8923186091893
20mM,High height,4,65.97066865523242,120.21575938354462,75.05486466715435,143.68893765748192,81.63550655161393,153.01266379034834,70.79402057852843,133.35604736944282
20mM,High height,5,65.18483672429338,120.55995923007566,58.90060356024143,108.43994957597982,84.1655583766574,152.91855075968243,79.33737373737374,150.1899797979798
20mM,High height,6,61.797265886617026,111.36760824173659,55.795009280263976,95.09854265484292,63.63426726622853,117.96913793766095,87.96647691334599,157.0145872865275
20mM,High height,7,83.47305389221556,155.25679549990926,63.66019417475728,122.33155339805825,76.75035947350956,139.39578955130332,81.57976573027884,149.26778618568812
20mM,High height,8,74.29683157309617,136.85295534556235,88.34571915157146,156.99694225112248,83.21484560137081,150.34653104378577,76.05351170568562,139.4670011148272
20mM,High height,9,84.77414747366542,151.58371719335832,87.63281443044231,156.43501359031382,86.25766871165645,152.98598252463285,70.18782199505091,129.15747839844227
20mM,High height,10,77.86112058188431,151.09671553585633,66.93207865846303,117.20404552217799,82.92130660727543,149.224573125464,77.06108500640751,146.7507475437847
20mM,Android,1,62.02554223744292,113.64283675799086,75.16309230829329,139.41181296144381,63.988800344604776,125.25206403905521,80.19994347887523,146.09986576232868
20mM,Android,2,69.90945462202569,128.61511897241525,52.04420353796378,96.89932350098744,79.30764060049295,146.61270445888417,80.81087584215592,148.58822585819698
20mM,Android,3,79.11879813154906,147.90506249210958,79.66753947472824,149.12128064746489,77.53599535777754,146.08540963986508,81.1424516586837,148.77899591981551
20mM,Android,4,78.07606263982103,141.9929985914326,79.84231488254898,148.49670811997075,88.71844039629273,157.97886705017578,84.16229858279945,154.47450980392156
20mM,Android,5,83.20984750480223,151.33251009447645,77.17167086866836,140.35801054320422,78.87397735058236,148.17164389634465,85.04646464646464,152.76888888888888
20mM,Android,6,78.54075562384273,144.25812551707835,80.13336083041177,149.61758438165944,77.07828894269572,144.13501671855184,85.59851359898798,154.62250948766604
20mM,Android,7,77.10760297586646,143.32491380874615,70.3915857605178,138.92330097087378,76.55126645282601,140.06411532647567,80.62610137866695,150.94727203621161
20mM,Android,8,71.38410227904392,133.14993514915693,63.4618361975538,128.2381560613098,82.88307995187574,148.76306099383865,76.65923448532143,142.82623560014864
20mM,Android,9,75.95429387609356,144.32437064809855,77.55950910139198,143.3253026933531,73.90221230712028,138.69239635620005,67.907995618839,124.51908644679729
20mM,Android,10,81.77444406561352,149.3383717846725,85.56721759761933,154.99497325773112,76.78173719376392,141.36187824795843,73.22013384593478,137.82724619108643
20mM,Right side,2,75.11476100231627,146.01785639081913,64.38085633850162,118.38661288289424,82.06736873552917,152.35043692583463,85.43471286493424,156.1207491177414
20mM,Right side,3,63.31271304128266,113.24584437991837,55.435213837975084,97.09592954058557,76.63293801907663,140.63286548435065,83.84601738513395,152.8442788717403
20mM,Right side,5,80.2501078050884,149.21247402877415,76.31981052792422,140.47348918939568,86.13226937492443,155.36875831217506,80.75959595959597,151.58072727272727
20mM,Right side,7,64.31863545636001,121.38813282525858,61.11326860841424,109.71854368932038,73.76765107104671,138.90318180142316,82.56452783248677,152.09488269237414
20mM,Right side,10,70.33375004735387,125.11993787172784,70.86902320344231,131.09631238187157,83.51521900519673,152.28017817371938,77.42773743414494,142.48640182258293
20mM,Normal light,1,67.0519406392694,127.6560716324201,66.40103129028478,120.8486659635142,78.73142364850312,151.48711321702922,85.75314398756535,158.36494983750177
20mM,Normal light,2,74.03663929248263,141.2880606443462,60.368082692550104,109.63994285474179,75.9504070505639,143.55792068115616,75.17645171639397,141.66799005453962
20mM,Normal light,3,68.4972436140218,128.45453015191686,52.47956835674046,96.80191224311672,81.16273165778117,149.97595473833098,88.80610253681036,157.92744367571404
20mM,Normal light,4,86.75532355621841,157.55804126273924,65.67910265788832,124.03917743639762,84.59571748162352,155.42094119527005,86.29780625121336,154.9962725684333
20mM,Normal light,5,74.23262377984241,140.32686502802932,65.77278630911452,123.3467797387119,86.1604803933422,158.39680812477332,80.48484848484848,152.38779797979797
20mM,Normal light,6,75.78300437300555,144.75578142851515,59.878325427923286,107.11376916202653,71.6092086552135,136.9340481955494,77.1703036053131,148.00498102466793
20mM,Normal light,7,72.3171838141898,138.51268372346217,49.582524271844655,91.22605177993528,70.40887807395937,131.20956383880838,75.17017380187278,136.66314225493244
20mM,Normal light,8,68.36761163609413,126.0982397628312,60.58600402539093,111.27426846261031,78.5992927193846,143.75770170257758,73.30732069862505,133.92623560014863
20mM,Normal light,9,81.39975004463489,147.85477593286913,82.47261345852895,150.05609093155425,75.35973229224763,137.85852388919872,71.31556529146891,133.43405947020406
20mM,Normal light,10,63.192787059135505,116.45486229495776,55.36252865243093,97.66980335384244,73.47809948032665,136.31098737936153,74.98932080307561,136.5620817314538
30mM,Dry,1,44.39798977997382,77.27961484860002,46.55289016191272,83.11691928233282,45.003521746786404,80.33381757351647,42.60099863822061,77.21985171735513
30mM,Dry,2,44.173097931423335,79.10469746625789,43.173052198508614,75.86118968029484,49.07645545943418,87.6227495908347,49.35620444328052,88.52215093186679
30mM,Dry,3,43.40232085177653,76.91147266419428,43.63024039019858,76.57964618898308,44.18539522509277,78.30693831828047,49.24242424242424,85.69102014913533
30mM,Dry,4,44.992148301352024,80.358841778697,44.75133367750818,78.0072276716572,43.779478042133945,76.2744645914125,45.57975060487623,79.64057323655314
30mM,Dry,5,45.26048003539431,80.35372193341445,44.31144550843593,79.50292597659218,43.29699048552411,76.15067989709665,43.53106993325871,77.88347220494963
30mM,Dry,6,41.992953799343425,72.84061974537593,42.427281845536605,73.27423009770051,41.91881303659248,71.62453113278319,44.467756183745585,78.4328253828033
30mM,Dry,7,44.19083110127712,76.97108031520516,52.968506036025744,94.86073346281275,49.8769987699877,88.22570725707257,49.291406587367014,88.1063871550269
30mM,Dry,8,48.505389487720855,85.11482757343408,48.82131613299547,85.21227827689472,50.12811273921051,89.56057330450797,45.30591928937897,79.51680833141894
30mM,Dry,9,50.1506358418165,90.08248501569784,45.81147160652461,80.54648963129529,46.684887134325336,83.6938286601208,48.04381846635368,85.55190401669275
30mM,Dry,10,48.56871136471707,86.01042954509431,47.02193359437176,82.76745296533282,45.75513851653262,80.88713881441764,45.18879415347138,79.21603366183147
30mM,Yellow light,1,54.2294860424849,98.10600109801935,66.79396904960815,125.65123125273502,75.05722838527909,138.18511181546046,64.04145861703738,119.79471175669542
30mM,Yellow light,2,62.60351693272721,110.62191211192163,77.12351075683553,147.58579754864147,76.18657937806874,141.8702361468319,74.42276635677186,136.97424817773123
30mM,Yellow light,3,69.37831479044543,128.63843362443674,73.09255603298107,136.6724344830256,84.63558076034447,154.68683049779457,77.75662382992226,141.90262573377757
30mM,Yellow light,4,74.74434103182811,141.1540847983454,66.35260712441921,116.85196179659268,69.81797854871957,128.16923453167033,84.13549227619579,153.89845523915875
30mM,Yellow light,5,61.49762194447517,111.5909007115732,50.702994376045,91.4013527891777,64.13491771815917,117.74653926252603,77.23749119097957,141.9841230361066
30mM,Yellow light,6,59.968772519817435,108.22099447513813,61.55132062855232,111.82584791411271,67.57105943152455,125.22538968075352,74.86381036513545,137.7424175500589
30mM,Yellow light,7,39.691782151314,74.15352664881021,52.88472523706158,97.38565825050459,64.2154278685644,124.32744684589703,61.6692183880972,116.07717975896047
30mM,Yellow light,8,53.55409860354854,94.1333111086417,58.584811487368505,104.87641096521538,66.95091680678998,125.02982624709745,75.98591010031396,140.90569722030784
30mM,Yellow light,9,56.84203849934989,101.41984587574922,60.75953885141164,111.23931898490203,72.63218274454229,136.614805817053,63.883299798792756,116.51814591251211
30mM,Yellow light,10,63.10033285782216,123.11466159454747,59.045618056218764,109.01289275140866,69.19496574322311,131.5958817396485,72.64607094083343,137.3120732292474
30mM,Left side,1,78.3647958106339,147.22610752143248,69.99244142101286,138.6574770258981,81.29072019721782,151.1719933086811,85.44787411106067,157.43754728400665
30mM,Left side,3,90.50125613111616,161.79000677912032,63.10533039135989,112.51105175550653,92.98816775187285,162.18276972624798,75.10312549579565,141.33039822306839
30mM,Left side,4,81.68447661725841,152.63870695928608,76.29926002409223,151.1725606608157,82.33588372986759,152.52622017258847,73.80978968918667,142.170817048204
30mM,Left side,5,82.73052390959703,152.71636618368174,67.76105791153671,136.94110047119622,76.12397402915595,148.4025480828127,75.68710359408034,140.39679973469302
30mM,Left side,7,61.96964403555762,110.15216800590039,82.18134734757608,153.34700483643704,89.52732384466702,158.19653839395536,70.49817453774585,128.99807639461392
30mM,Left side,8,81.18679853317036,148.8467977923473,89.69131536512324,161.00422329724333,86.03571142605493,156.0937224757787,76.01654031702274,141.6501646374148
30mM,Left side,9,82.78945866235372,147.28246598801255,61.601884570082454,115.0375486311882,80.2037993049229,151.19529642001552,74.02563529324094,143.73716372307922
30mM,Left side,10,79.2867332382311,151.63702647012204,76.16591856874543,143.0691115143412,90.4453380994936,161.50774501042596,67.65954305540176,128.7892444542871
30mM,High height,1,65.96984669960725,126.95607922631868,67.91582129927994,130.64960019095358,83.42137700299348,150.66072371896462,76.86488122257528,143.45388863670752
30mM,High height,2,67.64280931740494,130.10980723825634,86.59038313191051,155.76776377817777,70.23225001948407,131.29771646792923,70.11915673693859,131.0392387935926
30mM,High height,3,77.96785899429757,149.53798301232206,62.34273990632138,108.9191344404444,79.25505846110761,146.45708184555065,71.06933206409646,131.24928605425987
30mM,High height,4,86.63296181393389,155.612164387759,71.79917398038204,142.9551282051282,81.87471613737203,150.01656010900325,78.65624418388238,148.64384887399962
30mM,High height,5,65.42049183349924,121.09173026582606,67.92445660434716,136.56684146526828,85.99779492833517,154.0026542529299,73.53562989677901,137.15582638975252
30mM,High height,7,60.77403827491169,98.85105391871434,66.20968049049849,125.07696408850299,67.54085397996838,122.65423475663329,79.30357633572802,151.426530051427
30mM,High height,8,80.73119235470608,152.4945364299737,77.85840436151425,151.81260078322967,87.38089518776523,156.6695892385299,81.61804119764147,154.67956964545525
30mM,High height,9,82.28839628325882,145.82998763200456,59.995716886176254,108.04707855944605,66.75102068360495,123.81266659918346,85.31932334749236,154.01169982860122
30mM,High height,10,88.90473926137264,156.36528768426058,64.96673351797027,129.54760767834972,79.45338099493596,153.34778075662794,68.08031594876906,129.1893847119182
30mM,Android,1,73.83335444908991,137.37581823556738,74.03031387993794,141.56939968970045,74.90315196337384,139.86207959147737,70.6990467544258,130.73362082009382
30mM,Android,2,80.36437960319978,146.77020121929732,84.80757692637353,157.26570669409446,70.66089938430365,133.2077390694412,74.89415564575967,138.49316922002532
30mM,Android,4,72.35436056532231,139.69301773334865,78.18361727757701,146.09451901565996,76.88572127310205,140.28005450162456,85.21868602270612,156.0645077238042
30mM,Android,5,79.23164841647309,146.93684326954983,73.34701322389421,137.6922404620763,88.41929029360121,159.70488790885705,75.13990797164531,139.72354184802884
30mM,Android,6,79.19369044759388,147.80150532468573,84.27504736431517,157.76849065715666,82.27890305909811,152.68075352171377,75.3717608951708,141.05208333333334
30mM,Android,7,56.25946197740771,98.21878032685066,66.87231044594235,133.00742602536272,83.0521876647338,154.23124231242312,83.16256428375142,150.67263376908883
30mM,Android,8,73.07108197207097,134.07960143719671,68.30607386930815,130.0597020655763,60.973656817999846,110.92773640803908,83.13040814763765,152.37778543533196
30mM,Android,9,61.944629435829135,113.48980433196968,62.369275796837634,114.11360959417496,67.2807639099774,122.35057529439553,61.40174379611,111.02250540278709
30mM,Android,10,75.44460294816928,140.01921065145032,77.18460509979944,139.33397001241525,85.82067322013702,153.73115877271374,80.12770826412726,146.72369246668882
30mM,Right side,3,84.53961797663197,157.8603501216254,65.59439476638408,121.0119614446638,80.85486242386052,153.59315269901282,73.52847850230049,135.83690306203394
30mM,Right side,4,80.02987475583132,151.00543873760006,70.81397349853725,143.45108415074858,84.42511267162772,155.7065646508053,84.31044109436068,156.50158198399404
30mM,Right side,7,57.92088816427934,97.70051628430573,71.40789824441144,129.60169846528808,83.14443858724302,153.12919522052363,75.89212106936756,142.28013975581987
30mM,Right side,9,60.257508007484226,108.32654679224939,58.68579790841275,102.79658778598709,80.78752910213585,147.92381145190134,85.20754154556971,154.32576943140324
30mM,Normal light,1,68.23345580472149,129.61890282528822,85.0379918049091,154.96244579703227,80.91653460116217,151.1291160415566,84.81615978211529,154.92952791647753
30mM,Normal light,2,82.30961694329915,153.3777707298164,78.842033084769,147.29943430187708,72.35601278154469,132.12730886135142,72.9693160490594,136.20426869189473
30mM,Normal light,3,84.75096702157356,154.39219204849064,80.16103433592691,151.02140672782875,81.69852271931667,150.2664706294196,72.40203077899413,133.76891956211327
30mM,Normal light,4,82.04450572599487,152.38304799111418,74.51815522285321,140.38904663569093,79.9496908080914,149.28302414142473,76.0282895961288,145.5749488181649
30mM,Normal light,5,81.11934520517642,151.65497916897098,77.06338349293206,143.57554339565283,84.54408101596636,154.62807791253215,76.26331716618995,142.14339012560626
30mM,Normal light,6,63.31171430859156,116.8256465689807,65.3441806902188,126.23284668821279,80.90355922313913,151.6762107193465,77.79740871613663,147.27587603062426
30mM,Normal light,7,49.05089088156516,83.23531695198167,61.88354468943981,111.6619444761796,84.31734317343174,150.72096292391495,79.15047304989596,145.1766968947513
30mM,Normal light,8,63.7774567544542,121.5122791421269,59.45634646394839,114.06208246947708,79.63007446552966,147.07346464889102,83.13806570181484,148.81327054138907
30mM,Normal light,9,64.42139980338058,118.88903688199665,61.93382589142307,117.79034157832744,80.94948881465736,146.2850153524311,65.66063044936284,124.10667709963485
30mM,Normal light,10,80.33285782215881,145.8947218259629,61.17530958520357,114.09951294050234,81.44921060470658,149.70554066130472,82.63758166316023,152.12970139888532
0mM,Dry,1,48.70403096861062,85.61461752082808,46.74206857305449,83.61694408877507,45.27034590842942,81.24105377066309,46.58488197902749,82.29138831531641
0mM,Dry,2,46.31876096742199,79.62420843823911,47.57010531658419,85.27965994163178,46.40917549656299,81.5151342524021,48.83476358741377,86.25534241965337
0mM,Dry,3,44.11946050096339,77.59418111753372,43.7248322147651,77.81558538404175,47.11613103555349,83.46165191740413,45.91324494786974,79.894066160381
0mM,Dry,4,46.64646464646465,79.3780606060606,45.87359350817752,79.39080604007195,46.39284410368747,82.09539978094195,48.23036132692071,84.46561433797838
0mM,Dry,5,44.75401247797304,78.85397913987713,47.76902887139108,84.922611946234,41.041152263374485,69.52744855967079,44.42832386249144,80.57385241607221
0mM,Dry,6,49.07378003599026,88.62199640097386,50.68802628876566,90.66563976175806,50.253507841056475,90.46220964508902,47.10191769015298,84.50667959491489
0mM,Dry,7,45.15029047739328,79.21832112486318,45.7148384600503,81.27587541110466,46.29262413002061,82.00365488549322,55.669414123412786,100.37484220687607
0mM,Dry,8,49.726210989852575,89.97978173463527,43.29911306655493,76.82027376213422,41.97655618431689,72.55042441390461,46.69128294236896,80.87087315377933
0mM,Dry,9,47.32191238381059,85.55037305656288,46.70874661857529,82.74650586113616,45.59210784891719,81.37381598081987,45.02345632052745,77.90080723553527
0mM,Dry,10,50.59243397573162,90.73786581013562,46.76324292923792,83.1043459318157,45.49975874995361,81.269680436477,50.2331413345872,92.43458328435406
0mM,Yellow light,1,71.26988134309518,133.73895480939157,71.66737800540618,139.3673353250818,68.08836150602635,127.2337400649278,78.55378760273696,143.2883517551318
0mM,Yellow light,2,46.67734798199435,82.33367666132601,52.45527217358203,95.11749777946962,66.77680300786145,129.1335687972352,66.82231196365473,126.89365640249032
0mM,Yellow light,3,49.42967244701349,89.506204238921,52.46457867263237,95.24116331096197,53.35351653469959,95.64667753454432,52.85965589736988,97.69507015059854
0mM,Yellow light,4,55.83838383838384,102.59587878787879,67.9173463839043,123.59421926632368,59.04344651332604,108.8453085067543,61.53656431125909,110.26928926706951
0mM,Yellow light,5,62.918512168405,113.89979520883936,68.2693072456852,125.34224131074525,49.66255144032922,93.8698353909465,54.37875307298593,97.91681779712248
0mM,Yellow light,6,58.43124801524293,105.28146501534879,52.618607516943925,96.18340521667693,59.70993986558189,110.02735526470936,50.721827192415425,89.59028226675285
0mM,Yellow light,7,51.35556116864528,92.6659509977267,59.70593925324047,106.9918746372606,56.86457482794821,101.26424044480734,67.22729635405065,124.96591668523057
0mM,Yellow light,8,47.07639287765652,91.79628565958262,51.187233745373284,92.2245617710734,54.611290757208295,95.72551199137699,63.85389516362583,117.68342745438748
0mM,Yellow light,9,45.50456421157934,82.84610895752574,55.92500751427713,102.10170574090772,54.17207090358841,97.77070314035295,60.6610033388276,107.87633658763366
0mM,Yellow light,10,52.3661670235546,94.24079229122056,61.7071488218422,110.59503322078206,65.48639720892254,120.30445755854953,64.40970181419223,118.02025782688766
0mM,Left side,1,55.209122275519654,100.29689472355466,56.97111964717598,99.76628965713473,56.408821224672565,96.26191275793873,54.46779221830843,94.04854447548483
0mM,Left side,2,56.66437781338216,100.00175478751812,56.45645645645646,97.42786448420252,42.007519653640195,77.57749420834757,72.16052498738011,127.36219081272085
0mM,Left side,3,49.34104046242774,90.88940269749519,55.454884414615954,96.67069351230425,71.4058376028567,129.12106039434872,83.04372077058395,156.33582185609473
0mM,Left side,5,76.46806686669524,142.88584083440492,75.20480394496143,138.28998647896285,68.28806584362141,127.84353909465021,79.97420706887519,147.13412324184904
0mM,Left side,6,55.520270985498044,101.37980311209908,49.17847607311563,88.0549394126104,62.92889989388044,113.29288998938804,65.57853910795087,123.79163973281621
0mM,Left side,8,88.39364349990427,158.36159295424085,53.29981143934632,88.14068719882674,69.88345459444893,130.60617084343843,77.01274254271648,143.9680712423979
0mM,High height,1,49.36463855928638,92.64205167045358,47.869540475174276,85.83582301892162,49.703347139818646,90.84178514123661,43.39042066480424,78.30337260617839
0mM,High height,2,46.4789806973373,89.2450217441062,45.9247980374741,82.52379139703083,50.65512133986556,89.9214993733622,49.9663469628134,92.1288911324247
0mM,High height,3,41.861271676300575,73.31464354527938,46.68903803131991,87.4548471290082,46.11473373699736,83.82168917869896,79.2079632728365,149.14309005878061
0mM,High height,4,42.0040404040404,78.18080808080808,56.54410842012799,104.26276822687916,47.84592917123038,86.28130704636729,51.962839643194805,93.3163563119168
0mM,High height,5,71.4340143830071,132.13416202314616,74.31400620376998,134.16905273204486,63.86008230452674,118.3058024691358,66.39664691895378,121.86756941925603
0mM,High height,6,56.70583253943051,103.03408489467556,45.296775518586976,83.17313616759088,52.470227567503834,93.45442754392171,48.696401637578106,90.34755440637794
0mM,High height,7,48.076113496674246,91.42839100783026,46.56993615786419,85.92002321532212,62.98845211711186,113.1323146312065,72.499443083092,136.8071211108636
0mM,High height,8,57.533984300210605,98.40490139766418,41.965221034988474,78.19072560933026,54.90433845324711,100.53001212611156,72.3899507674486,137.44519258615696
0mM,High height,9,57.04222416739611,96.15126505772999,62.214457469191466,108.12221971746318,59.06143143497229,107.05058365758755,79.1344406407168,153.46249101897638
0mM,High height,10,67.35546038543897,125.49054246966452,55.05573103873943,97.38485277565988,71.26526370485841,135.53783914189214,82.72403119000039,146.9322126875906
0mM,Android,1,61.545905916014476,104.96962046621223,57.2841086925594,98.70522122634799,79.09996641665734,145.65506175603568,78.21369286205919,141.12640187861857
0mM,Android,2,64.26718547341116,112.16987106126497,60.75371145793681,112.5008247684304,77.47142151836238,144.82317420530933,78.13814571765101,145.70322227831062
0mM,Android,3,75.495183044316,139.2798458574181,48.04250559284116,87.79988814317673,69.11582052476324,130.3234746157429,68.01390140301197,132.7490882567469
0mM,Android,4,64.73535353535354,119.60957575757575,76.25381687371899,137.0751662692935,70.08397225264696,129.08860898138008,72.70933530644962,134.62962962962962
0mM,Android,5,73.73434300138115,136.86960041910748,76.46544181977252,143.75097431002942,58.93415637860082,108.20769547325104,73.58239632450731,134.926248337565
0mM,Android,6,54.63109982004869,101.54874563353445,84.8326144998973,155.49774080920108,81.14609126282278,150.44181110718077,73.22775263951733,135.46724843783667
0mM,Android,7,72.61092868569504,138.30525385198283,81.55929580189591,151.3249758173728,61.3282009409386,115.48271705742836,79.0747753768471,146.25978317368381
0mM,Android,8,76.58816771970132,142.23239517518667,81.87722606327257,152.60699071164188,83.11775801670709,154.01893020749125,76.85708079930495,139.99851578337677
0mM,Android,9,74.5487891292568,138.9259305572923,79.71145175834084,146.7898632401563,74.68851943560115,139.39735880202807,80.2375216601158,148.35480326275305
0mM,Android,10,70.29621698786582,134.42994289793006,74.9736775224195,139.65660966488764,81.38291949671529,149.03470289128902,77.30104619724932,140.30602249128168
0mM,Right Side,1,72.27972734158041,134.37957586468065,68.59795134443021,131.1971119647176,69.76379715661032,125.71219075338632,73.68719381351471,137.14952022349084
0mM,Right Side,2,61.0055695429923,108.78137636377508,67.29687433912787,125.37072283551157,69.80365348828377,131.49572746952262,69.56503449436312,128.0123254248696
0mM,Right Side,3,58.24277456647399,106.16196531791907,57.26323639075317,105.3282624906786,72.65176214873466,136.56536252134762,86.13721199639593,155.26189556785516
0mM,Right Side,5,66.22374624946421,123.4789255607944,61.755348763222784,117.14073808955699,57.58847736625514,102.53119341563786,65.15133196308386,120.98899770281707
0mM,Right Side,6,43.6858261882079,83.05673758865248,43.140275210515505,75.99301704662149,77.76205636127816,145.60558896356562,69.73712561947856,132.8864468864469
0mM,Right Side,8,60.31016657093624,104.79946390963048,44.90537048676583,83.29806550736784,69.33777957423874,125.57935866343304,79.496090356212,144.78457138719955
0mM,normal light,1,71.48868130943364,135.24627619288057,58.333333333333336,104.47165315123061,59.94253516922273,111.65252434792343,66.79217782096441,124.56949674075874
0mM,normal light,2,46.810864423590445,82.76447699702449,55.39483145116948,101.59231062047964,65.20071398731532,114.99954426341574,47.707386841662455,86.81638061585058
0mM,normal light,3,50.35452793834296,92.13622350674373,43.47129008202833,77.17580164056675,59.47446048750194,105.86562645551933,62.208778478568675,117.00669326811688
0mM,normal light,4,49.842424242424244,91.63644444444445,70.39779144183711,128.7727025557368,58.91566265060241,109.87751004016064,66.066510461627,113.5212726600074
0mM,normal light,5,71.35781302090774,129.71386388531695,74.65998568360773,140.51431639226914,52.50617283950617,95.98477366255145,63.47479143997098,117.50191431910692
0mM,normal light,6,50.20641473483646,91.77188525457818,47.997535428219344,90.43068391866913,62.068152340525884,111.44499469402193,55.602240896358545,100.65998707175177
0mM,normal light,7,59.324745306053714,103.15302685863433,63.07603017991875,109.91824337396015,61.514833391655976,109.59621291652086,77.92010098759931,143.7363184079602
0mM,normal light,8,54.00727551215776,98.65682557916907,51.09295341853481,89.57039597737273,52.00080840743735,91.75181891673404,64.06385751520418,118.61225745728352
0mM,normal light,9,47.29690300529365,86.88333124921846,54.1741809437932,97.64547640516982,59.5998899500845,110.46228825217152,63.32361269599763,116.76995900426863
0mM,normal light,10,63.429693076374015,116.39311206281228,62.49500780597611,109.54256979994918,73.2101102327135,136.90227517351445,70.22060264096235,130.77555738411505
10mM,Dry,1,46.59512280242551,82.31077956637438,45.24213303184473,80.93371019408329,42.42154131847725,74.26135561745589,46.36254872447995,83.13476901701979
10mM,Dry,2,44.58593810295593,77.8257312649533,47.47518813392955,83.52844730432254,49.31778251280326,86.8700609323016,45.445012452483944,78.45012452483942
10mM,Dry,3,45.67252797442338,79.00510009895714,44.15994387934058,75.77329591956038,45.57977055297527,80.5756023976817,41.65741768405476,73.32053274139845
10mM,Dry,4,42.100445221154246,73.63737361128449,40.63083462439916,71.29384658165495,41.79974909300512,72.46339809446309,44.980702823481614,80.66735730245784
10mM,Dry,6,44.397463002114165,78.36931559092982,44.13014608233732,77.09021691013723,42.66083697688944,76.21948782011243,49.333333333333336,88.45392898052692
10mM,Dry,7,47.96515883472405,85.64049919484702,50.585175552665795,90.19520300534604,50.979464370209136,89.59461846629443,46.729809791082005,81.5515279077019
10mM,Dry,8,45.57807100219918,79.12774897895068,49.674463467566916,87.69805481874447,48.08009422850412,84.97043580683156,45.10546461438228,79.69708445313137
10mM,Dry,9,47.713174219325,84.04019906774612,46.333055984785446,83.81152185110345,49.87563662205377,89.12641636069327,47.15384615384615,83.78794871794872
10mM,Dry,10,48.98566503356923,88.54668844129922,49.40293775758216,88.74458416992498,49.531382038872245,87.14719213336406,47.19097222222222,85.02902777777778
10mM,Yellow light,1,54.29481306984252,100.05706059416306,51.147540983606554,92.28245713208969,55.19777158774374,99.44601671309192,57.97537725290417,105.61881054378449
10mM,Yellow light,2,65.28131511924057,118.79717527205372,46.30821245501145,83.60413712873087,71.24967290942395,131.765840529326,69.3756280858129,127.98182374273605
10mM,Yellow light,3,50.05328461597016,92.49162670320469,47.90521844187225,86.58556451927198,60.259616529712986,113.20312810130602,55.50499445061043,100.88161302256752
10mM,Yellow light,4,53.16023800607498,95.6847667790122,55.67870337266119,104.01024907639137,55.77255619977621,100.96246566981996,52.58582165346334,92.89839528742637
10mM,Yellow light,6,83.78725697467148,161.27998176014592,70.0531208499336,129.05347498893315,76.2231938371851,146.8163647720175,67.20274914089347,122.6991981672394
10mM,Yellow light,7,62.611623481188694,112.90506514419558,68.66421037422337,127.60959398930791,69.24702690766853,129.62209394025425,83.27876520112254,150.6084346741503
10mM,Yellow light,8,43.865849827207036,81.0629123468426,49.586046137770275,89.6563379149586,75.52414605418139,137.80188457008245,57.32144311426012,101.15901132014008
10mM,Yellow light,9,58.567272982161015,104.9753969088424,52.02266333848409,88.18614049685011,75.12732441075447,138.52524773974497,75.47435897435898,139.3442735042735
10mM,Yellow light,10,66.3581927054981,122.37463255307567,41.8084469336715,77.52650674557047,61.24298993623722,110.46635169393869,57.62500000000001,102.51395833333333
10mM,Left side,1,66.93713737294419,132.58378048248485,56.728848690408896,96.28547201808932,83.5803156917363,156.9993314763231,81.71047045656285,150.9492493535564
10mM,Left side,2,76.22520645211083,143.70294049548505,63.9800777983786,111.55625840695096,78.53538185488394,149.33280998841164,88.17669419321011,157.20277887010093
10mM,Left side,3,63.57996498439522,112.46920910405724,88.89278615690401,159.38134767527964,79.08776944146719,147.76896510658568,67.52497225305217,132.99415464298926
10mM,Left side,4,64.00366163192277,113.84537927017018,69.79303221705796,139.92603185953203,82.41955718306039,153.51415590140033,71.76518383099736,137.9204550071095
10mM,Left side,6,75.9731376694441,140.5181362185466,63.634351482957065,116.41505090748119,73.38746616697898,136.01440766187798,64.01832760595647,116.377686139748
10mM,Left side,8,59.943449575871824,97.1993795161797,66.21252310907482,111.71959649545856,81.11503729878288,152.33800549666273,91.42031110025246,160.35743953090642
10mM,High height,1,86.79055969986477,155.33189373118702,56.61579046542302,99.11452798191068,56.76508820798515,100.93741875580315,67.7511481610127,125.35073906834936
10mM,High height,2,56.15111522729027,102.49305394767308,54.02261242592794,90.39150034536664,77.81765167657284,145.31669844117977,76.53252938349281,147.21601782671385
10mM,High height,3,58.42658141128112,95.91767526832611,66.22627538095794,137.8571651272458,61.38303362311937,117.43134452780755,57.33999260081391,104.51849796522383
10mM,High height,4,51.42928473349146,90.52698373070362,50.276089460930365,87.73380208954038,51.317261723120744,94.8713932119486,62.4822262847857,109.4689417022141
10mM,High height,6,80.97666127761886,152.63300584504415,67.61841522797698,122.15989375830013,72.28398917343327,143.13649802206953,58.63459335624284,107.40609392898052
10mM,High height,7,64.4524959742351,107.39866051822574,56.63198959687906,102.90821413090593,70.27854010914483,134.523390429324,85.14967259120674,156.66623791705643
10mM,High height,8,57.7717562048382,97.43834432924913,50.92436299332851,95.13760951691987,86.47035728307813,156.95159010600707,66.30833129733692,138.60790781008225
10mM,High height,9,66.24610100585288,120.12035187326954,55.497444431237376,99.78406434486311,70.00671167436535,131.79146432942477,75.7051282051282,142.68188034188034
10mM,High height,10,70.84376701143168,133.96414443839595,60.75944908239107,100.58413470005988,65.39141123146655,129.01786125835446,60.34374999999999,116.72350694444444
10mM,Android,1,64.49853858569995,116.74309645334381,59.75127190503109,105.97377049180328,77.76044568245125,145.4106592386258,76.6778588244375,141.78835243718885
10mM,Android,2,76.78474955622443,142.09751485683415,75.36990584214928,142.53201003380957,74.84580015700347,138.93289970468393,74.37409883339888,138.3217984008389
10mM,Android,3,67.5344446981807,125.55096292913146,82.24404692310691,150.9276277329592,75.8088206105355,141.02199198126314,80.73251942286348,148.491157972623
10mM,Android,6,84.65365004352692,156.8985200845666,61.943337760070825,108.07317397078353,70.61836352279826,143.78151155527794,87.40893470790378,158.12714776632302
10mM,Android,7,81.9023569023569,150.77009222661397,81.80898714058662,150.2238115879208,75.19321157061292,143.7569161856093,76.94886186467103,144.5681322107889
10mM,Android,8,57.30442978322338,103.59821709079485,58.588537898882734,103.66051764327626,75.04122497055359,139.7223792697291,64.3293427803567,119.16609658767001
10mM,Android,9,70.21694178670312,131.58374513720955,75.387297436507,140.5474067910773,76.91184018318923,145.29393185676497,83.78205128205128,151.03871794871796
10mM,Android,10,72.0595173289784,135.81854472872436,74.2118426150974,137.7109796047765,62.92540523930244,118.2154490281939,60.076388888888886,105.31736111111111
10mM,Right Side,4,58.794158032705035,104.9497357799692,70.39685377189846,132.86636475588924,68.84006374393924,128.5735937341064,83.63193174893357,156.56953077391833
10mM,Right Side,6,67.82323923226797,124.54006549765784,76.37450199203187,141.52084993359892,77.81386633354154,145.93212575473663,72.55441008018327,135.3194043528064
10mM,Right Side,8,44.60021991831605,84.37880929940307,60.4171690378587,109.79547464030223,76.04240282685512,141.58311739301138,87.79623747862205,156.15339197003013
10mM,Normal light,1,52.139772281115036,94.85460018322209,61.37931034482759,110.19589221782552,58.39554317548746,106.64371402042711,69.36822199066034,129.0504418972637
10mM,Normal light,2,72.11159990738597,134.70834298062823,43.872468826116986,79.46031919147853,74.86449104706367,141.6450599977571,78.82640800454406,149.19120024468037
10mM,Normal light,3,51.39681814721778,91.56847073152166,59.651584239448155,102.6834249191317,67.45266166488031,130.2104719939661,67.51757306696263,126.72497225305216
10mM,Normal light,4,68.18125078017727,126.05142928473349,65.63381400707107,123.71417788900807,62.777608246024485,112.88380293628997,59.878123095673374,108.56494007718871
10mM,Normal light,6,78.74642457405795,153.19350827011564,73.00132802124834,132.73771580345286,73.42494274411825,142.88690401832187,75.13402061855669,141.33099656357388
10mM,Normal light,7,52.30566534914362,96.07070707070707,65.72027163704666,119.0094278283485,55.8310463392322,101.57222169647645,66.11708762082944,124.16580916744621
10mM,Normal light,8,48.841501727929625,88.24674049638706,55.16839482356723,98.9171690378587,72.64232430310169,137.60867687475462,62.63132176887368,114.34762602817818
10mM,Normal light,9,65.04398415869345,119.91112045701469,57.62510400570545,100.9080787669876,69.07892139444905,130.73220419282245,79.30341880341881,145.28324786324785
10mM,Normal light,10,63.806931591362726,118.43854109961894,48.74070942970869,88.60914438691043,61.91518783129754,111.22923868786971,57.170138888888886,102.46951388888888
